Rank,Entry,Score,Setup,RSI,RVOL,RS20,RS60,BreakoutPct,BaseRangePct,ExtensionPct,Grade,Trade,SL,T1,T2,T3,RR1,EMA20,EMA50,EMA200,ATR,Symbol
1,193.66,81,BREAKOUT,60.8,2.15,10.61,45.23,0.34,14.77,4.09,A,SWING,182.85,204.47,215.28,226.09,1.0,186.06,179.86,145.9,7.21,KRISHANA
2,2371.8,81,BREAKOUT,65.7,3.26,9.9,41.86,0.98,9.56,4.86,A,SWING,2245.9,2497.7,2623.59,2749.49,1.0,2261.92,2140.66,1863.78,83.93,EIMCOELECO
3,452.0,81,BREAKOUT,65.4,3.19,11.76,18.18,2.75,12.74,6.36,A,SWING,433.41,470.59,489.18,507.77,1.0,424.97,419.52,365.84,12.39,BHEL
4,297.5,81,BREAKOUT,61.4,2.81,6.94,12.56,1.19,7.04,3.41,A,SWING,288.3,306.7,315.9,325.1,1.0,287.69,285.65,279.52,6.13,PETRONET
5,3202.3,80,BREAKOUT,65.7,2.05,11.95,42.65,1.02,30.26,8.61,A,SWING,2995.34,3409.26,3616.21,3823.17,1.0,2948.55,2797.28,2215.18,137.97,KMEW
6,1081.15,80,BREAKOUT,66.3,2.74,7.51,17.72,1.98,12.68,6.84,A,SWING,1036.06,1126.24,1171.34,1216.43,1.0,1011.9,986.34,912.66,30.06,MOTILALOFS
7,20.98,79,BREAKOUT,63.4,2.1,9.38,75.51,1.35,24.14,9.78,B+,SWING,19.43,22.53,24.09,25.64,1.0,19.11,18.41,16.97,1.04,CAPTRUST
8,144.21,78,BREAKOUT,67.0,1.93,19.93,13.7,1.74,20.22,8.83,B+,SWING,135.62,152.8,161.39,169.98,1.0,132.5,129.4,123.5,5.73,JAMNAAUTO
9,188.81,76,BREAKOUT,68.0,4.92,14.93,37.06,4.91,29.2,10.92,B+,SWING,175.6,202.02,215.23,228.44,1.0,170.21,164.44,147.46,8.81,DHAMPURSUG
10,5537.0,75,BREAKOUT,74.1,3.48,12.17,16.91,4.47,12.52,6.84,B+,SWING,5321.02,5752.98,5968.97,6184.95,1.0,5182.69,5121.36,4843.11,143.99,FINEORG
11,137.9,74,BREAKOUT,68.4,5.11,12.83,26.18,6.17,26.64,12.74,B+,SWING,128.25,147.55,157.21,166.86,1.0,122.32,119.47,107.59,6.44,DBOL
12,105.0,74,BREAKOUT,74.8,5.09,21.57,15.39,0.97,29.4,12.74,B+,SWING,96.95,113.05,121.09,129.14,1.0,93.13,91.55,88.78,5.36,OMFREIGHT
13,873.3,73,BREAKOUT,67.8,3.56,9.12,70.94,3.41,26.95,11.49,B+,SWING,814.09,932.51,991.73,1050.94,1.0,783.29,729.01,560.08,39.48,AVADHSUGAR
14,258.82,73,BREAKOUT,72.3,6.05,18.12,44.58,4.0,31.13,10.88,B+,SWING,243.25,274.39,289.95,305.52,1.0,233.41,217.03,209.78,10.38,KAMATHOTEL
15,688.9,72,BREAKOUT,67.6,1.36,14.01,83.94,1.46,25.05,8.8,B+,SWING,639.22,738.58,788.26,837.94,1.0,633.2,592.14,443.04,33.12,E2E
16,3976.0,72,BREAKOUT,62.3,1.66,8.54,15.71,-0.34,26.13,5.78,B+,SWING,3736.5,4215.5,4455.0,4694.5,1.0,3758.6,3640.15,2877.3,159.67,CPPLUS
17,308.7,71,BREAKOUT,70.5,3.08,26.53,44.26,7.86,26.78,14.94,B+,SWING,287.21,330.19,351.68,373.18,1.0,268.57,252.89,243.52,14.33,PARAGMILK
18,315.3,71,BREAKOUT,64.4,0.83,9.03,5.55,0.41,16.31,6.7,B+,SWING,299.08,331.52,347.74,363.95,1.0,295.49,292.6,278.02,10.81,GREENPLY
19,1587.8,70,BREAKOUT,67.1,0.84,14.21,5.46,2.18,11.24,5.48,B+,SWING,1509.12,1666.48,1745.16,1823.85,1.0,1505.31,1495.52,1418.96,52.45,HALEOSLABS
20,6932.0,68,BREAKOUT,76.6,1.4,19.54,41.85,3.46,23.69,10.14,B,SWING,6605.83,7258.17,7584.33,7910.5,1.0,6293.61,5953.03,5194.68,217.44,KINGFA
21,1758.6,68,BREAKOUT,65.2,1.03,9.86,21.06,-3.64,14.13,3.26,B,SWING,1694.43,1822.77,1886.93,1951.1,1.0,1703.12,1659.11,1599.52,42.78,LGEINDIA
22,734.85,68,BREAKOUT,62.9,2.25,16.86,-2.31,2.35,23.63,8.59,B,SWING,686.77,782.93,831.01,879.09,1.0,676.72,695.13,626.45,32.05,GVPIL
23,324.2,67,BREAKOUT,70.1,1.01,22.67,55.47,2.59,32.09,12.09,B,SWING,304.08,344.32,364.44,384.56,1.0,289.22,268.52,181.51,13.41,CUPID
24,3006.1,67,PRE-BREAKOUT,59.8,0.83,5.76,28.97,-1.18,8.65,3.15,B,SWING,2877.2,3135.0,3263.91,3392.81,1.0,2914.32,2805.26,2340.9,85.94,GLAND
25,39.62,67,BREAKOUT,73.4,2.3,24.75,19.44,2.91,29.93,11.17,B,SWING,37.06,42.18,44.75,47.31,1.0,35.64,35.03,37.92,1.71,DEVX
26,143.61,67,PRE-BREAKOUT,57.6,1.33,7.93,14.08,-2.66,8.55,2.12,B,SWING,137.13,150.09,156.57,163.05,1.0,140.63,136.92,123.64,4.32,ORIENTHOT
27,294.6,67,PRE-BREAKOUT,58.2,1.05,8.3,9.5,-2.77,10.26,2.18,B,SWING,279.67,309.53,324.46,339.38,1.0,288.31,285.14,278.04,9.95,ONWARDTEC
28,165.84,67,BREAKOUT,61.1,4.68,14.77,6.93,0.91,24.17,7.78,B,SWING,153.33,178.35,190.85,203.36,1.0,153.87,154.96,165.09,8.34,MAXIND
29,1783.4,67,PRE-BREAKOUT,53.8,0.85,8.99,3.8,-2.23,6.92,1.18,B,SWING,1722.57,1844.23,1905.06,1965.89,1.0,1762.57,1747.07,1658.34,40.55,ADANIPORTS
30,293.1,67,BREAKOUT,67.1,3.93,14.82,-2.14,2.77,20.48,7.19,B,SWING,277.17,309.03,324.95,340.88,1.0,273.43,273.88,255.62,10.62,ADFFOODS
